{"type":"internal","split":{"type":"continuous","featureIndex":1412,"threshold":0.5}}
{"type":"internal","split":{"type":"continuous","featureIndex":234,"threshold":0.5}}
{"type":"internal","split":{"type":"continuous","featureIndex":1966,"threshold":0.5}}
{"type":"internal","split":{"type":"continuous","featureIndex":145,"threshold":0.5}}
{"type":"internal","split":{"type":"continuous","featureIndex":1711,"threshold":0.5}}
{"type":"leaf","values":[142.0,84.0,90.0,137.0,54.0,122.0,117.0,268.0,134.0,92.0,186.0,251.0,249.0,246.0,234.0,119.0,59.0,14.0,41.0,29.0,0.0]}
{"type":"leaf","values":[6.0,2.0,10.0,2.0,3.0,7.0,4.0,10.0,9.0,3.0,9.0,8.0,173.0,4.0,10.0,11.0,5.0,0.0,5.0,1.0,0.0]}
{"type":"internal","split":{"type":"continuous","featureIndex":648,"threshold":1.5}}
{"type":"leaf","values":[352.0,210.0,419.0,382.0,266.0,412.0,411.0,208.0,401.0,125.0,331.0,225.0,87.0,246.0,289.0,269.0,420.0,310.0,341.0,219.0,0.0]}
{"type":"leaf","values":[6.0,2.0,3.0,4.0,0.0,2.0,1.0,0.0,0.0,0.0,0.0,1.0,2.0,3.0,3.0,91.0,3.0,1.0,2.0,0.0,0.0]}
{"type":"internal","split":{"type":"continuous","featureIndex":830,"threshold":0.5}}
{"type":"leaf","values":[10.0,11.0,17.0,15.0,90.0,5.0,23.0,15.0,19.0,6.0,11.0,18.0,14.0,9.0,14.0,12.0,10.0,9.0,19.0,8.0,0.0]}
{"type":"internal","split":{"type":"continuous","featureIndex":962,"threshold":3.5}}
{"type":"leaf","values":[4.0,0.0,2.0,0.0,121.0,1.0,1.0,0.0,1.0,0.0,0.0,4.0,0.0,0.0,0.0,0.0,2.0,0.0,0.0,1.0,0.0]}
{"type":"leaf","values":[0.0,0.0,1.0,0.0,0.0,0.0,1.0,2.0,0.0,0.0,0.0,0.0,0.0,0.0,0.0,0.0,3.0,0.0,1.0,0.0,0.0]}
{"type":"internal","split":{"type":"continuous","featureIndex":593,"threshold":0.5}}
{"type":"internal","split":{"type":"continuous","featureIndex":1588,"threshold":1.5}}
{"type":"internal","split":{"type":"continuous","featureIndex":1573,"threshold":0.5}}
{"type":"leaf","values":[18.0,115.0,19.0,10.0,8.0,6.0,7.0,3.0,1.0,3.0,9.0,6.0,7.0,9.0,5.0,6.0,11.0,27.0,8.0,21.0,0.0]}
{"type":"leaf","values":[4.0,6.0,1.0,3.0,0.0,2.0,1.0,1.0,2.0,1.0,1.0,1.0,0.0,0.0,2.0,1.0,2.0,16.0,4.0,17.0,0.0]}
{"type":"internal","split":{"type":"continuous","featureIndex":1261,"threshold":2.5}}
{"type":"leaf","values":[1.0,111.0,0.0,1.0,0.0,1.0,0.0,1.0,1.0,0.0,0.0,0.0,0.0,0.0,0.0,7.0,1.0,9.0,1.0,19.0,0.0]}
{"type":"leaf","values":[1.0,5.0,0.0,0.0,0.0,1.0,1.0,2.0,0.0,0.0,0.0,0.0,0.0,2.0,0.0,1.0,2.0,9.0,3.0,2.0,0.0]}
{"type":"internal","split":{"type":"continuous","featureIndex":145,"threshold":0.5}}
{"type":"internal","split":{"type":"continuous","featureIndex":1188,"threshold":5.5}}
{"type":"leaf","values":[9.0,4.0,2.0,5.0,7.0,1.0,2.0,1.0,4.0,2.0,3.0,5.0,6.0,2.0,4.0,6.0,3.0,0.0,3.0,6.0,0.0]}
{"type":"leaf","values":[0.0,0.0,0.0,0.0,0.0,0.0,0.0,0.0,6.0,0.0,0.0,0.0,0.0,0.0,0.0,0.0,0.0,0.0,0.0,0.0,0.0]}
{"type":"leaf","values":[12.0,30.0,12.0,13.0,10.0,5.0,3.0,6.0,3.0,1.0,7.0,2.0,1.0,2.0,3.0,15.0,9.0,61.0,12.0,22.0,0.0]}
{"type":"internal","split":{"type":"continuous","featureIndex":17,"threshold":12.5}}
{"type":"internal","split":{"type":"continuous","featureIndex":1711,"threshold":0.5}}
{"type":"internal","split":{"type":"continuous","featureIndex":1412,"threshold":1.5}}
{"type":"internal","split":{"type":"continuous","featureIndex":922,"threshold":0.5}}
{"type":"leaf","values":[8.0,3.0,16.0,8.0,14.0,10.0,4.0,13.0,2.0,149.0,11.0,32.0,15.0,29.0,5.0,0.0,6.0,13.0,6.0,10.0,0.0]}
{"type":"leaf","values":[4.0,0.0,0.0,1.0,1.0,4.0,0.0,22.0,0.0,8.0,1.0,3.0,1.0,6.0,0.0,0.0,0.0,0.0,1.0,0.0,0.0]}
{"type":"internal","split":{"type":"continuous","featureIndex":1577,"threshold":0.5}}
{"type":"leaf","values":[3.0,0.0,0.0,3.0,1.0,1.0,2.0,13.0,0.0,147.0,11.0,13.0,6.0,6.0,3.0,0.0,0.0,2.0,0.0,2.0,0.0]}
{"type":"leaf","values":[0.0,0.0,0.0,0.0,0.0,0.0,0.0,0.0,0.0,3.0,1.0,0.0,0.0,7.0,0.0,0.0,0.0,0.0,0.0,0.0,0.0]}
{"type":"internal","split":{"type":"continuous","featureIndex":1020,"threshold":0.5}}
{"type":"internal","split":{"type":"continuous","featureIndex":1426,"threshold":1.5}}
{"type":"leaf","values":[0.0,0.0,0.0,0.0,0.0,0.0,0.0,0.0,0.0,3.0,0.0,0.0,21.0,0.0,0.0,0.0,0.0,0.0,0.0,0.0,0.0]}
{"type":"leaf","values":[0.0,0.0,0.0,0.0,0.0,0.0,0.0,2.0,0.0,0.0,0.0,0.0,0.0,0.0,0.0,0.0,0.0,0.0,0.0,0.0,0.0]}
{"type":"internal","split":{"type":"continuous","featureIndex":742,"threshold":0.5}}
{"type":"leaf","values":[0.0,0.0,0.0,0.0,0.0,0.0,0.0,0.0,0.0,0.0,1.0,1.0,1.0,1.0,0.0,0.0,0.0,0.0,0.0,0.0,0.0]}
{"type":"leaf","values":[0.0,0.0,0.0,0.0,0.0,0.0,0.0,0.0,0.0,5.0,0.0,0.0,0.0,0.0,0.0,0.0,0.0,0.0,0.0,0.0,0.0]}
{"type":"internal","split":{"type":"continuous","featureIndex":1505,"threshold":1.5}}
{"type":"internal","split":{"type":"continuous","featureIndex":1412,"threshold":2.5}}
{"type":"internal","split":{"type":"continuous","featureIndex":562,"threshold":2.5}}
{"type":"leaf","values":[17.0,12.0,5.0,13.0,18.0,10.0,13.0,16.0,10.0,14.0,8.0,13.0,1.0,9.0,5.0,9.0,8.0,9.0,13.0,10.0,0.0]}
{"type":"leaf","values":[0.0,2.0,0.0,0.0,0.0,0.0,0.0,0.0,0.0,0.0,0.0,0.0,0.0,0.0,0.0,0.0,0.0,0.0,1.0,10.0,0.0]}
{"type":"internal","split":{"type":"continuous","featureIndex":922,"threshold":0.5}}
{"type":"leaf","values":[3.0,2.0,0.0,0.0,0.0,3.0,1.0,0.0,0.0,28.0,0.0,5.0,1.0,1.0,0.0,0.0,0.0,0.0,1.0,0.0,0.0]}
{"type":"leaf","values":[0.0,0.0,0.0,0.0,0.0,0.0,1.0,7.0,0.0,1.0,1.0,2.0,0.0,1.0,1.0,0.0,0.0,0.0,3.0,0.0,0.0]}
{"type":"internal","split":{"type":"continuous","featureIndex":360,"threshold":1.5}}
{"type":"internal","split":{"type":"continuous","featureIndex":1805,"threshold":0.5}}
{"type":"leaf","values":[0.0,0.0,1.0,0.0,0.0,1.0,0.0,0.0,0.0,0.0,0.0,0.0,0.0,0.0,0.0,0.0,0.0,0.0,0.0,0.0,0.0]}
{"type":"leaf","values":[0.0,0.0,0.0,0.0,0.0,0.0,0.0,0.0,0.0,0.0,0.0,0.0,0.0,0.0,0.0,17.0,0.0,0.0,0.0,0.0,0.0]}
{"type":"internal","split":{"type":"continuous","featureIndex":38,"threshold":1.5}}
{"type":"leaf","values":[0.0,0.0,0.0,0.0,2.0,0.0,1.0,0.0,0.0,0.0,0.0,0.0,0.0,1.0,0.0,0.0,2.0,0.0,0.0,0.0,0.0]}
{"type":"leaf","values":[0.0,0.0,0.0,0.0,0.0,0.0,0.0,3.0,0.0,0.0,0.0,0.0,0.0,0.0,0.0,0.0,0.0,0.0,0.0,0.0,0.0]}
